Min,CPU,RSS,FPS,Queue,Reconnects
0.2,0.0,1574.8,8.2,0,0
0.3,556.2,1668.3,1.5,0,0
0.5,533.2,1626.2,1.5,0,0
0.7,549.6,1592.1,1.5,0,0
0.8,548.9,1519.9,1.4,0,0
1.0,546.2,1572.6,1.3,0,0
1.2,619.0,1651.0,1.6,0,0
1.3,615.4,1532.9,1.7,0,0
1.5,558.3,1493.0,1.4,0,0
1.7,576.2,1667.7,1.4,0,0
1.8,592.3,1574.2,1.4,0,0
2.0,577.3,1497.5,1.4,0,0
2.2,526.0,1538.5,1.3,0,0
2.3,555.7,1564.7,1.3,0,0
2.5,524.6,1224.2,1.2,0,0
2.7,523.4,1345.7,1.1,0,0
2.8,512.9,1196.0,1.1,0,0
3.0,467.4,1066.1,1.0,0,0
3.2,528.5,1478.6,1.0,0,0
3.3,529.6,1077.1,1.1,0,0
3.5,568.4,1368.6,1.1,0,0
3.7,565.6,1391.3,1.2,0,0
3.8,562.2,1362.2,1.2,0,0
4.0,560.1,1418.0,1.1,0,0
4.2,561.0,1429.0,1.2,0,0
4.3,576.6,1459.8,1.2,0,0
4.5,575.8,1437.5,1.2,0,0
4.7,578.3,1405.0,1.3,0,0
4.8,568.8,1473.5,1.2,0,0
5.0,590.2,1524.0,1.2,0,0
5.2,589.0,1495.8,1.3,0,0
5.3,595.4,1498.1,1.3,0,0
5.5,574.3,1590.2,1.2,0,0
5.7,605.1,1529.2,1.2,0,0
5.8,600.6,1463.1,1.2,0,0
6.0,584.2,1451.4,1.2,0,0
6.2,560.3,1413.3,1.0,0,0
6.3,575.6,1468.5,1.0,0,0
6.5,561.1,1325.5,1.0,0,0
6.7,541.5,1338.7,1.0,0,0
6.8,577.3,1381.8,1.0,0,0
7.0,564.9,1518.9,1.0,0,0
7.2,586.4,1411.9,1.0,0,0
7.3,582.7,1387.7,1.0,0,0
7.5,598.7,1446.0,1.0,0,0
7.7,423.8,1118.1,1.0,0,0
7.8,523.4,1392.0,1.0,0,0
8.0,533.8,1313.9,1.0,0,0
8.2,541.9,1179.5,1.0,0,0
8.3,629.3,1513.9,1.0,0,0
8.5,629.9,1542.3,1.1,0,0
8.7,631.4,1448.8,1.1,0,0
8.8,640.4,1540.0,1.1,0,0
9.0,631.1,1534.3,1.1,0,0
9.2,642.0,1497.3,1.1,0,0
9.3,628.5,1503.8,1.1,0,0
9.5,642.7,1496.8,1.1,0,0
9.7,616.1,1125.9,1.1,0,0
9.8,623.9,1399.2,1.0,0,0
10.0,615.5,1395.9,1.0,0,0
10.2,602.9,1469.2,1.1,0,0
10.3,627.0,1391.0,1.2,0,0
10.5,602.6,1332.0,1.2,0,0
10.7,597.5,1352.4,1.1,0,0
10.8,597.5,1368.7,1.2,0,0
11.0,558.6,940.0,1.0,0,0
11.2,569.1,1311.4,1.0,0,0
11.3,572.4,1315.0,1.0,0,0
11.5,574.5,1368.2,1.0,0,0
11.7,583.3,1318.8,1.0,0,0
11.8,545.3,1380.1,1.0,0,0
12.0,534.2,1339.9,1.0,0,0
12.2,570.6,1333.6,1.0,0,0
12.3,575.5,1397.2,1.0,0,0
12.5,571.2,1093.5,1.0,0,0
12.7,589.9,1334.7,1.0,0,0
12.8,563.9,1320.3,1.0,0,0
13.0,531.1,1375.6,1.0,0,0
13.2,547.0,1314.3,1.0,0,0
13.3,558.2,1368.1,1.0,0,0
13.5,592.6,1347.4,1.0,0,0
13.7,592.6,1359.4,1.0,0,0
13.8,511.9,1362.5,1.0,0,0
14.0,501.9,1415.4,1.0,0,0
14.2,596.7,1405.2,1.0,0,0
14.3,592.9,1304.7,1.0,0,0
14.5,579.7,1373.9,1.0,0,0
14.7,579.2,1342.9,1.0,0,0
14.8,575.1,1405.1,1.0,0,0
15.0,589.1,1302.7,1.0,0,0
15.2,590.1,1370.6,1.0,0,0
15.3,582.6,1429.2,1.0,0,0
15.5,600.8,1401.5,1.0,0,0
15.7,591.3,1392.6,1.0,0,0
15.8,603.6,1375.8,1.0,0,0
16.0,597.5,1408.5,1.0,0,0
16.2,586.3,1356.7,1.0,0,0
16.3,576.8,1399.0,1.0,0,0
16.5,609.8,1394.7,1.0,0,0
16.7,599.1,1373.4,1.0,0,0
16.8,592.7,1369.5,1.0,0,0
17.0,603.3,1348.9,1.0,0,0
17.2,572.2,1392.1,1.0,0,0
17.3,602.5,1390.7,1.0,0,0
17.5,601.0,1436.1,1.0,0,0
17.7,586.8,1344.0,1.0,0,0
17.8,571.7,1351.2,1.0,0,0
18.0,604.6,1394.3,1.0,0,0
18.2,602.3,1330.9,1.0,0,0
18.3,595.4,1398.8,1.0,0,0
18.5,577.6,1341.9,1.0,0,0
18.7,554.9,1402.3,1.0,0,0
18.9,606.4,1436.5,1.0,0,0
19.0,596.3,1436.5,1.0,0,0
19.2,586.6,1447.4,1.0,0,0
19.4,577.1,1373.9,1.0,0,0
19.5,600.3,1425.2,1.0,0,0
19.7,579.2,1378.5,1.0,0,0
19.9,541.2,1374.7,1.0,0,0
20.0,544.7,1394.3,1.0,0,0
20.2,578.1,1369.7,1.1,0,0
20.4,569.9,1326.7,1.2,0,0
20.5,566.3,1275.2,1.1,0,0
20.7,565.7,1127.6,1.1,0,0
20.9,561.2,1299.6,1.1,0,0
21.0,581.4,1387.4,1.1,0,0
21.2,576.6,1318.2,1.2,0,0
21.4,553.9,1399.1,1.1,0,0
21.5,573.9,1374.3,1.1,0,0
21.7,595.4,1372.3,1.2,0,0
21.9,591.7,1361.4,1.2,0,0
22.0,585.6,1314.1,1.2,0,0
22.2,566.5,1420.5,1.1,0,0
22.4,594.5,1415.9,1.1,0,0
22.5,594.8,1366.2,1.2,0,0
22.7,596.7,1349.4,1.2,0,0
22.9,592.1,1386.8,1.2,0,0
23.0,578.5,1416.7,1.1,0,0
23.2,593.2,1399.4,1.2,0,0
23.4,588.1,1380.0,1.2,0,0
23.5,591.9,1352.8,1.2,0,0
23.7,566.9,1417.1,1.1,0,0
23.9,581.7,1301.4,1.1,0,0
24.0,577.3,1306.5,1.1,0,0
24.2,586.7,1302.9,1.2,0,0
24.4,569.0,1091.4,1.1,0,0
24.5,580.8,1347.6,1.1,0,0
24.7,593.6,1359.6,1.2,0,0
24.9,577.5,1264.0,1.2,0,0
25.0,573.4,1290.1,1.1,0,0
25.2,547.5,1352.2,1.0,0,0
25.4,579.9,1261.7,1.1,0,0
25.5,587.7,1283.0,1.1,0,0
25.7,588.1,1331.7,1.1,0,0
25.9,568.9,1388.1,1.2,0,0
26.0,575.2,1324.0,1.1,0,0
26.2,585.9,1315.0,1.2,0,0
26.4,593.5,1333.6,1.2,0,0
26.5,591.9,1307.6,1.2,0,0
26.7,565.2,1391.2,1.1,0,0
26.9,589.5,1319.0,1.2,0,0
27.0,554.9,1117.2,1.2,0,0
27.2,546.0,1241.1,1.1,0,0
27.4,533.7,1380.9,1.0,0,0
27.5,458.7,1329.4,1.0,0,0
27.7,489.2,1094.6,1.0,0,0
27.9,519.7,1032.2,1.0,0,0
28.0,502.7,1285.9,1.0,0,0
28.2,505.6,1047.1,1.1,0,0
28.4,514.5,1319.5,1.0,0,0
28.5,548.2,1051.7,1.1,0,0
28.7,527.6,1298.4,1.0,0,0
28.9,553.4,1003.3,1.1,0,0
29.0,587.8,1347.2,1.1,0,0
29.2,589.0,1327.8,1.2,0,0
29.4,588.6,1324.8,1.2,0,0
29.5,589.9,1309.0,1.2,0,0
29.7,582.5,1417.6,1.2,0,0
29.9,605.2,1298.8,1.1,0,0
30.0,611.1,1328.2,1.2,0,0
30.2,574.0,1277.8,1.3,0,0
30.4,578.2,1274.3,1.3,0,0
30.5,567.6,1287.0,1.3,0,0
30.7,595.6,1295.5,1.4,0,0
30.9,602.2,1336.0,1.4,0,0
31.0,594.5,1228.4,1.4,0,0
31.2,565.7,1252.8,1.3,0,0
31.4,587.1,1230.4,1.3,0,0
31.5,577.4,1295.9,1.3,0,0
31.7,599.1,1337.5,1.4,0,0
31.9,600.3,1327.3,1.4,0,0
32.0,575.3,1330.6,1.4,0,0
32.2,602.3,1303.9,1.4,0,0
32.4,593.6,1287.3,1.4,0,0
32.5,597.2,1299.1,1.5,0,0
32.7,588.0,1188.8,1.5,0,0
32.9,582.0,1385.4,1.3,0,0
33.0,601.1,1303.9,1.5,0,0
33.2,600.2,1348.5,1.5,0,0
33.4,599.5,1286.9,1.5,0,0
33.5,577.7,1348.5,1.4,0,0
33.7,539.5,1323.7,1.3,0,0
33.9,423.8,1175.4,1.0,0,0
34.0,520.8,1278.3,1.0,0,0
34.2,584.1,1278.1,1.3,0,0
34.4,597.9,1371.3,1.4,0,0
34.5,591.6,1251.8,1.4,0,0
34.7,552.3,1309.0,1.3,0,0
