image_path,plate_text
images/MP10_crop.jpg,MP08CA6293
images/C (20)_crop.jpg,AFR2011
images/C (183)_crop.jpg,V12LAF
images/C (169)_crop.jpg,UP36AK2222
images/y (476)_crop.jpg,AP07EA8238
images/y (231)_crop.jpg,07BE4663
images/BR18_crop.jpg,BR01BD5042
images/C (344)_crop.jpg,SKIPGAS
images/JH10_crop.jpg,JH0AD2533
images/y (324)_crop.jpg,AP07CZ4887
images/C (114)_crop.jpg,MPEACHW
images/y (27)_crop.jpg,AP07CS8962
images/y (771)_crop.jpg,AP07CR0040
images/PB20_crop.jpg,PB31R8123
images/DL3_crop.jpg,DL8CAU6883
images/KA10_crop.jpg,KA04MG7528
images/HP17_crop.jpg,HP20E3953
images/C (416)_crop.jpg,MH12NE8922
images/HR6_crop.jpg,HR26DJ8832
images/KA1_crop.jpg,KA03MQ6984
images/KA19_crop.jpg,KA03MQ6984
images/NL8_crop.jpg,NL07T0937
images/y (487)_crop.jpg,AP40CG8805
images/GJ16_crop.jpg,GJ01KC9959
images/UP20_crop.jpg,UP14AK8604
images/C (330)_crop.jpg,16M
images/AN6_crop.jpg,AN01H1689
images/y (707)_crop.jpg,AP39HU2393
images/y (714)_crop.jpg,AP39HU2393
images/y (104)_crop.jpg,AP07AQ5779
images/y (108)_crop.jpg,AP07AQ5779
images/y (741)_crop.jpg,AP07AZ3453
images/y (768)_crop.jpg,AP07AZ3453
images/C (292)_crop.jpg,KA02A6579
images/C (99)_crop.jpg,YWORRY
images/UP22_crop.jpg,UP11AY0646
images/DL23_crop.jpg,DL2CAX2886
images/C (35)_crop.jpg,DL7CN5617
images/WB14_crop.jpg,WB36G6682
images/y (367)_crop.jpg,AP39EW8360
images/RJ9_crop.jpg,RJ20UB0137
images/SK8_crop.jpg,SK01PA5349
images/BR6_crop.jpg,BR7P3952
images/TN7_crop.jpg,TN07BT5778
images/C (417)_crop.jpg,172TMJ
images/HR5_crop.jpg,HR26CC7676
images/C (81)_crop.jpg,BAD231
images/y (187)_crop.jpg,AP39NG7373
images/y (450)_crop.jpg,AP39NG7373
images/y (208)_crop.jpg,AP39LW8690
images/TS7_crop.jpg,TS08EZ9463
images/y (9)_crop.jpg,AP39FJ8090
images/y (14)_crop.jpg,AP39FJ8090
images/GA3_crop.jpg,GA01S5594
images/y (833)_crop.jpg,AP07BB2833
images/ML20_crop.jpg,ML137827
images/DL32_crop.jpg,DL2CAR0108
images/AP7_crop.jpg,AP31BL8656
images/y (795)_crop.jpg,AP39GY4714
images/y (305)_crop.jpg,AP27J8980
images/y (310)_crop.jpg,AP27J8980
images/TN3_crop.jpg,TN02AU9295
images/UP14_crop.jpg,UP16BD4866
images/AR8_crop.jpg,AR089631
images/PB2_crop.jpg,PB04S4253
images/GJ21_crop.jpg,GJ12CG2526
images/TR6_crop.jpg,TR01BG0365
images/y (723)_crop.jpg,AP07BM0580
images/TN1_crop.jpg,TN63BY7954
images/GA5_crop.jpg,GA01E5947
images/y (418)_crop.jpg,AP07CU0649
images/y (122)_crop.jpg,AP07AT4483
images/y (486)_crop.jpg,AP07AT4483
images/y (782)_crop.jpg,AP39BN9989
images/y (816)_crop.jpg,AP39BN9989
images/y (817)_crop.jpg,AP39BN9989
images/y (92)_crop.jpg,AP07AK0160
images/OD24_crop.jpg,OD02J0435
images/UK10_crop.jpg,UK07AA2432
images/y (81)_crop.jpg,AP27E8261
images/C (331)_crop.jpg,MD6800
images/UP26_crop.jpg,UP14AX9754
images/ML36_crop.jpg,ML08B1100
images/JK26_crop.jpg,JK02AG2454
images/AP14_crop.jpg,AP10AS3445
images/y (143)_crop.jpg,AP27AN1625
images/C (252)_crop.jpg,H982FKL
images/AR9_crop.jpg,AR01E1034
images/C (266)_crop.jpg,M771276
images/y (615)_crop.jpg,AP39CG8464
images/JK15_crop.jpg,JK02AJ1525
images/y (254)_crop.jpg,AP27AT5599
images/y (857)_crop.jpg,AP27AT5599
images/PB21_crop.jpg,PB37A8269
images/y (280)_crop.jpg,AP39HM7808
images/y (283)_crop.jpg,AP39HM7808
images/PB5_crop.jpg,PB23J3752
images/y (188)_crop.jpg,TS05FL6764
images/y (381)_crop.jpg,TS05FL6764
images/KA7_crop.jpg,KA51P7755
images/SK7_crop.jpg,SK02P3471
images/C (40)_crop.jpg,MH15BD8877
images/C (315)_crop.jpg,6PIV728
images/y (616)_crop.jpg,AP37TA7787
images/y (618)_crop.jpg,AP27BJ3800
images/C (207)_crop.jpg,HR26BU0380
images/y (362)_crop.jpg,AP39E611
images/y (770)_crop.jpg,AP07EB4723
images/AP6_crop.jpg,AP31TY7236
images/C (375)_crop.jpg,S7JDW
images/C (415)_crop.jpg,DRUNK
images/PB18_crop.jpg,PB08BF6160
images/UK7_crop.jpg,UK07AM5665
images/y (247)_crop.jpg,AP28CJ3024
images/SK12_crop.jpg,SK01T3835
images/JK9_crop.jpg,JK02CD0461
images/AP29_crop.jpg,AP31DF2833
images/C (205)_crop.jpg,NBYOND
images/C (410)_crop.jpg,RK977AF
images/ML39_crop.jpg,ML05G6098
images/y (485)_crop.jpg,AP07BV3241
images/UP19_crop.jpg,UP45Q3028
images/y (168)_crop.jpg,AP07DF3560
images/C (131)_crop.jpg,HR26BR9044
images/y (662)_crop.jpg,AP40CY4566
images/y (686)_crop.jpg,AP40CY4566
images/OD23_crop.jpg,OR21E1033
images/AP13_crop.jpg,AP39JJ5441
images/y (6)_crop.jpg,AP7AY5111
images/AP39_crop.jpg,AP05DY3395
images/y (146)_crop.jpg,AP07CD6170
images/y (511)_crop.jpg,AP07CD6170
images/y (747)_crop.jpg,AP27AD1411
images/y (756)_crop.jpg,AP27AD1411
images/DL13_crop.jpg,DL12CJ9823
images/AS3_crop.jpg,AS23E0596
images/y (13)_crop.jpg,AP27P2795
images/MH2_crop.jpg,MH48AK2798
images/y (297)_crop.jpg,AP39EB8864
images/y (227)_crop.jpg,AP07DR5906
images/y (792)_crop.jpg,AP07DR5906
images/C (332)_crop.jpg,HR26CB1900
images/AS15_crop.jpg,AS01BF9673
images/y (78)_crop.jpg,AP39FR6436
images/y (848)_crop.jpg,AP39SK4196
images/DN3_crop.jpg,DN09H0968
images/y (574)_crop.jpg,AP39FF7247
images/SK3_crop.jpg,SK01PA7708
images/PY9_crop.jpg,PY055353
images/y (111)_crop.jpg,AP39CR0683
images/y (769)_crop.jpg,AP07BV2332
images/y (774)_crop.jpg,AP07BV2332
images/y (776)_crop.jpg,AP07BV2332
images/y (218)_crop.jpg,AP39AR8165
images/y (239)_crop.jpg,AP39AR8165
images/y (488)_crop.jpg,AP07DM1615
images/AP19_crop.jpg,AP04M7627
images/KA12_crop.jpg,KA02MF3336
images/JK2_crop.jpg,JK02BJ7997
images/JH6_crop.jpg,JH02AH0750
images/GJ18_crop.jpg,GJ01RN4259
images/OD18_crop.jpg,OD22J9911
images/TR10_crop.jpg,TR07D0569
images/BR9_crop.jpg,BR01AM1250
images/JK4_crop.jpg,JK01M4723
images/y (663)_crop.jpg,AP39QC7966
images/DL30_crop.jpg,DL10CO5520
images/y (378)_crop.jpg,AP27BB1762
images/SK9_crop.jpg,SK01T8791
images/BR15_crop.jpg,BR01BR5435
images/HP14_crop.jpg,HP38G1539
images/y (366)_crop.jpg,AP07DR4140
images/DN5_crop.jpg,DN09D2724
images/y (831)_crop.jpg,AP27AN4743
images/RJ4_crop.jpg,RJ20CD5118
images/AR6_crop.jpg,AR168272
images/PB11_crop.jpg,PB08CQ3690
images/y (130)_crop.jpg,AP16AL9759
images/HR1_crop.jpg,HR26BQ8176
images/GA2_crop.jpg,GA08M0184
images/MP7_crop.jpg,MP09BD1270
images/KA9_crop.jpg,KA01MB9714
images/HR13_crop.jpg,HR51AQ0911
images/TN4_crop.jpg,TN10AR0131
images/y (802)_crop.jpg,AP1BH7334
images/DL5_crop.jpg,DL12CN8660
images/C (80)_crop.jpg,4GET0IL
images/y (56)_crop.jpg,AP39RS7278
images/y (648)_crop.jpg,AP39LJ7596
images/CG19_crop.jpg,CG07MA7848
images/y (780)_crop.jpg,AP39QU4337
images/y (819)_crop.jpg,AP39QU4337
images/y (443)_crop.jpg,AP07CM3019
images/MH17_crop.jpg,MH01BT7906
images/TR4_crop.jpg,TR01N0481
images/TS13_crop.jpg,TS15ES0894
images/C (88)_crop.jpg,TSLAS1
images/JK13_crop.jpg,JK01AF7715
images/y (796)_crop.jpg,AP07BH4117
images/y (804)_crop.jpg,AP07BH4117
images/y (259)_crop.jpg,AP39SW0661
images/y (272)_crop.jpg,AP39SW0661
images/PB9_crop.jpg,PB35F9333
images/CG13_crop.jpg,CG16B1802
images/JK27_crop.jpg,JK01D8354
images/C (14)_crop.jpg,BJR216
images/y (436)_crop.jpg,AP07BV6494
images/WB4_crop.jpg,WB02X8795
images/C (364)_crop.jpg,WIW123
images/C (37)_crop.jpg,MIDLYPH
images/AP30_crop.jpg,AP31DT9378
images/C (26)_crop.jpg,BYHM136
images/C (43)_crop.jpg,BYHM136
images/GJ17_crop.jpg,GJ06DQ3712
images/OD15_crop.jpg,OD05Y5787
images/y (148)_crop.jpg,AP07AS0917
images/y (510)_crop.jpg,AP07AS0917
images/y (220)_crop.jpg,AP07DH4545
images/y (241)_crop.jpg,AP07DH4545
images/y (799)_crop.jpg,AP07DH4545
images/y (654)_crop.jpg,AP07DY0063
images/C (431)_crop.jpg,BCG986
images/C (209)_crop.jpg,V8
images/TS16_crop.jpg,TS07HM2684
images/AS17_crop.jpg,AS01AR1986
images/UP24_crop.jpg,UP27Z7322
images/PB13_crop.jpg,PB08DT7342
images/AS5_crop.jpg,AS23H0770
images/C (68)_crop.jpg,MH14BN7077
images/ML16_crop.jpg,ML133317
images/DL24_crop.jpg,DL3CCX8019
images/AR10_crop.jpg,AR152019
images/C (350)_crop.jpg,PY56BXU
images/y (500)_crop.jpg,AP39CQ9032
images/y (129)_crop.jpg,AP28AW3712
images/C (264)_crop.jpg,MH02CB4545
images/C (185)_crop.jpg,SWIFT
images/JK36_crop.jpg,JK072483
images/HP9_crop.jpg,HP23A6365
images/y (728)_crop.jpg,AP07BK4503
images/C (139)_crop.jpg,TN02BL9
images/AP15_crop.jpg,AP28AT5333
images/PB17_crop.jpg,PB23S8600
images/y (57)_crop.jpg,AP40AR9413
images/y (363)_crop.jpg,AP37AG3868
images/JH2_crop.jpg,JH01AM0100
images/AS22_crop.jpg,AS01AN8668
images/y (807)_crop.jpg,AP07BE6447
images/y (198)_crop.jpg,AP07CQ5181
images/y (399)_crop.jpg,AP07CQ5181
images/MN5_crop.jpg,MN01G5395
images/C (39)_crop.jpg,OMGBCKY
images/UP27_crop.jpg,UP70ET7816
images/CG21_crop.jpg,CG04FJ5894
images/C (320)_crop.jpg,FALLYOU
images/C (15)_crop.jpg,ALR486
images/C (49)_crop.jpg,ALR486
images/OD13_crop.jpg,OD052323
images/y (370)_crop.jpg,AP07EB2390
images/AP16_crop.jpg,AP39GR9492
images/GA10_crop.jpg,GA01R6315
images/DN4_crop.jpg,DN09J0032
images/WB23_crop.jpg,WB20AG9041
images/y (671)_crop.jpg,AP07DJ3561
images/y (690)_crop.jpg,AP07DJ3561
images/y (405)_crop.jpg,AP10BC4772
images/y (437)_crop.jpg,AP10BC4772
images/y (423)_crop.jpg,AP07DW3882
images/AS16_crop.jpg,AS01AL3746
images/PY18_crop.jpg,PY02L4602
images/C (103)_crop.jpg,6861136
images/C (283)_crop.jpg,6861136
images/AR13_crop.jpg,AR200692
images/C (174)_crop.jpg,WMY9051
images/GJ4_crop.jpg,GJ06JE4788
images/JK22_crop.jpg,JK01AL4613
images/GJ15_crop.jpg,GJ01HS1902
images/y (26)_crop.jpg,AP39KO0443
images/GA6_crop.jpg,GA02J2129
images/y (453)_crop.jpg,AP27BY7403
images/TR3_crop.jpg,TR02L0569
images/C (373)_crop.jpg,HR26CE1485
images/GA13_crop.jpg,GA07K6090
images/y (734)_crop.jpg,AP39QJ2502
images/WB21_crop.jpg,WB02W9535
images/C (227)_crop.jpg,TN19S4523
images/HP12_crop.jpg,HP36E3330
images/C (241)_crop.jpg,1CDAF
images/DN2_crop.jpg,DN09J1548
images/y (504)_crop.jpg,AP33MR4971
images/C (32)_crop.jpg,YD63LB
images/C (208)_crop.jpg,K817GR
images/y (211)_crop.jpg,AP07EA5237
images/y (226)_crop.jpg,AP07EA5237
images/PB7_crop.jpg,PB10DV5354
images/y (153)_crop.jpg,AP07BW1301
images/y (508)_crop.jpg,AP07BW1301
images/C (95)_crop.jpg,NBEYOND
images/AS25_crop.jpg,AS01BS4362
images/UK4_crop.jpg,UK23K0008
images/C (387)_crop.jpg,AB44887
images/AP42_crop.jpg,AP31TY6847
images/C (384)_crop.jpg,YA55OZP
images/y (426)_crop.jpg,AP39BR6267
images/AP34_crop.jpg,AP37EJ2277
images/OD25_crop.jpg,OD02AP3010
images/WB26_crop.jpg,WB02AD3017
images/OD4_crop.jpg,OD02C2836
images/y (31)_crop.jpg,AP07DW2198
images/GJ26_crop.jpg,GJ09AG8384
images/DL21_crop.jpg,DL12CS7886
images/KL5_crop.jpg,KL34A7564
images/C (291)_crop.jpg,S0V8199
images/y (252)_crop.jpg,AP07DR6210
images/y (854)_crop.jpg,AP07DR6210
images/C (78)_crop.jpg,HR26CU6799
images/GJ10_crop.jpg,GJ01RA8370
images/y (192)_crop.jpg,AP39EV1592
images/y (393)_crop.jpg,AP39EV1592
images/WB18_crop.jpg,WB06J2192
images/y (125)_crop.jpg,AP40AP9774
images/C (83)_crop.jpg,UP16TC1366
images/ML25_crop.jpg,ML04B8389
images/AP25_crop.jpg,AP26AM1260
images/y (639)_crop.jpg,AP27BP9014
images/C (70)_crop.jpg,KWID
images/NL9_crop.jpg,NL02C6709
images/y (126)_crop.jpg,AP39GS4396
images/y (384)_crop.jpg,AP39DT0264
images/y (527)_crop.jpg,AP39DT0264
images/y (132)_crop.jpg,AP40DB3723
images/y (519)_crop.jpg,AP40DB3723
images/BR17_crop.jpg,BR06PO0006
images/C (156)_crop.jpg,MCB025
images/C (33)_crop.jpg,MANISA
images/ML34_crop.jpg,ML05H6564
images/y (296)_crop.jpg,AP07BZ1933
images/y (115)_crop.jpg,AP39LR4542
images/y (431)_crop.jpg,AP39LR4542
images/C (77)_crop.jpg,MH31EA1255
images/y (273)_crop.jpg,AP39EH3581
images/C (423)_crop.jpg,MH20EE7596
images/DL18_crop.jpg,DL1CS8739
images/TS15_crop.jpg,TS13EK6213
images/TS3_crop.jpg,TS09EZ9293
images/OD12_crop.jpg,OR05AN4494
images/UP16_crop.jpg,UP32KW7325
images/C (359)_crop.jpg,PZ62FDZ
images/DL33_crop.jpg,DL4CNA7231
images/WB28_crop.jpg,WB02AM8548
images/C (8)_crop.jpg,YSX213
images/y (237)_crop.jpg,AP39LG8062
images/PB26_crop.jpg,PB04T0678
images/y (466)_crop.jpg,AP07LA637
images/CH6_crop.jpg,CH01AZ2642
images/GA7_crop.jpg,GA07K7150
images/y (233)_crop.jpg,AP07AK5014
images/ML29_crop.jpg,ML04C4738
images/KA11_crop.jpg,KA04MK0368
images/y (518)_crop.jpg,07CY9409
images/y (641)_crop.jpg,07CY9409
images/y (607)_crop.jpg,AP27TY9712
images/C (141)_crop.jpg,CH01AN0001
images/PY7_crop.jpg,PY036993
images/ML5_crop.jpg,ML05D0571
images/y (805)_crop.jpg,AP07DY5904
images/HR9_crop.jpg,HR29AS0015
images/C (412)_crop.jpg,VIPER
images/y (681)_crop.jpg,AP07AT9413
images/y (318)_crop.jpg,AP39Y6796
images/y (320)_crop.jpg,AP39Y6796
images/y (326)_crop.jpg,AP39Y6796
images/C (195)_crop.jpg,TN21BZ0768
images/C (366)_crop.jpg,TN21BZ0768
images/C (29)_crop.jpg,AP11AM091
images/y (761)_crop.jpg,AP27BP8021
images/y (762)_crop.jpg,AP27BP8021
images/y (161)_crop.jpg,AP07AU8012
images/y (493)_crop.jpg,AP07AU8012
images/y (647)_crop.jpg,AP39NN2707
images/y (512)_crop.jpg,AP27BG0552
images/C (305)_crop.jpg,HNYCHIL3
images/y (541)_crop.jpg,AP39BY5183
images/y (361)_crop.jpg,AP07DY0032
images/y (568)_crop.jpg,AP07DY0032
images/SK1_crop.jpg,SK01PA2969
images/DL16_crop.jpg,DL9CAV1739
images/PB25_crop.jpg,PB10CK5005
images/UP25_crop.jpg,UP32BF3577
images/y (404)_crop.jpg,AP07BP8495
images/y (417)_crop.jpg,AP07BP8495
images/AR2_crop.jpg,AR01F2523
images/C (5)_crop.jpg,PU18BES
images/C (335)_crop.jpg,EBOLA
images/ML33_crop.jpg,ML04B8918
images/C (382)_crop.jpg,2089563
images/y (634)_crop.jpg,AP39AQ6392
images/KL8_crop.jpg,KL07BU7707
images/y (258)_crop.jpg,AP03AF2119
images/y (271)_crop.jpg,AP03AF2119
images/GJ11_crop.jpg,GJ06HS1855
images/C (60)_crop.jpg,MH46P1661
images/TN10_crop.jpg,TN69AJ4455
images/JK17_crop.jpg,JK02AS3888
images/ML35_crop.jpg,ML05G3474
images/y (621)_crop.jpg,AP27AY6602
images/y (637)_crop.jpg,AP27AY6602
images/TR1_crop.jpg,TR05B0308
images/ML7_crop.jpg,ML069642
images/AP10_crop.jpg,AP39E1493
images/y (593)_crop.jpg,AP27BD3013
images/SK10_crop.jpg,SK01PB5004
images/JK12_crop.jpg,JK01AD3147
images/SK5_crop.jpg,SK01PB3596
images/y (1)_crop.jpg,AP40BK0402
images/C (261)_crop.jpg,IM4U5333
images/y (676)_crop.jpg,AP39AD6250
images/y (387)_crop.jpg,AP20E6147
images/y (578)_crop.jpg,AP20E6147
images/JK10_crop.jpg,JK02AK8967
images/AR3_crop.jpg,AR169723
images/C (48)_crop.jpg,5H799
images/UP2_crop.jpg,UP85BN4203
images/y (765)_crop.jpg,AP07AP9347
images/y (808)_crop.jpg,AP07AP9347
images/y (288)_crop.jpg,AP27AT8149
images/DN8_crop.jpg,DN09C0868
images/C (235)_crop.jpg,IM4U555
images/C (298)_crop.jpg,IM4U555
images/y (22)_crop.jpg,AP27BY1292
images/y (323)_crop.jpg,AP27BY1292
images/Y859_crop.jpg,AP27BY1292
images/C (295)_crop.jpg,01CC1A0001
images/C (360)_crop.jpg,R362GGL
images/y (382)_crop.jpg,AP27AT1297
images/C (66)_crop.jpg,ORINNIE
images/JH12_crop.jpg,JH01AX5392
images/PY10_crop.jpg,PY01CE4149
images/GA1_crop.jpg,GA03R9230
images/BR16_crop.jpg,BR33M0001
images/y (174)_crop.jpg,AP16CU6515
images/HR22_crop.jpg,HR09G8378
images/TR9_crop.jpg,TR01AS0609
images/y (389)_crop.jpg,AP07AQ5346
images/y (441)_crop.jpg,AP07AQ5346
images/y (613)_crop.jpg,AP07AQ5346
images/CH3_crop.jpg,CH03K7672
images/C (157)_crop.jpg,PRIVATE
images/C (232)_crop.jpg,GB18TCE
images/y (822)_crop.jpg,AP09CG0485
images/y (118)_crop.jpg,AP40L4068
images/y (490)_crop.jpg,AP40L4068
images/MH4_crop.jpg,MH12MF6822
images/NL2_crop.jpg,NL01C8433
images/C (137)_crop.jpg,U15474
images/CH9_crop.jpg,CH01AF1382
images/C (322)_crop.jpg,LOLOIL
images/y (197)_crop.jpg,AP07DK4196
images/y (397)_crop.jpg,AP07DK4196
images/y (784)_crop.jpg,AP07DF7624
images/y (809)_crop.jpg,AP07DF7624
images/MH6_crop.jpg,MH47N0712
images/ML1_crop.jpg,ML05F6894
images/C (356)_crop.jpg,BKTP665
images/C (144)_crop.jpg,NZ1017
images/y (394)_crop.jpg,AP1K2043
images/GJ14_crop.jpg,GJ06DG9355
images/C (389)_crop.jpg,KA03MR32
images/y (575)_crop.jpg,AP39CO9032
images/y (835)_crop.jpg,AP07CZ5713
images/y (845)_crop.jpg,AP07CZ5713
images/PB6_crop.jpg,PB13AF6756
images/y (735)_crop.jpg,AP40AN2735
images/y (475)_crop.jpg,AP27AY9319
images/GJ9_crop.jpg,GJ05RE8119
images/DL25_crop.jpg,DL9CQS1537
images/UP17_crop.jpg,UP32CX3400
images/ML23_crop.jpg,ML05R1934
images/PB8_crop.jpg,PB10CQ0006
images/y (534)_crop.jpg,AP07EA9246
images/KA5_crop.jpg,KA53P7604
images/AP43_crop.jpg,AP31BG7827
images/C (12)_crop.jpg,WOR516K
images/TS5_crop.jpg,TS09EA4088
images/y (628)_crop.jpg,AP27BJ9800
images/C (168)_crop.jpg,15LK10898
images/y (395)_crop.jpg,AP37CW1642
images/C (406)_crop.jpg,MH14EC3687
images/y (257)_crop.jpg,AP39CU1368
images/y (184)_crop.jpg,AP39ML3437
images/C (411)_crop.jpg,EWWPOOP
images/y (368)_crop.jpg,AP27J5601
images/y (49)_crop.jpg,AP39LZ7537
images/y (502)_crop.jpg,AP39LZ7537
images/y (121)_crop.jpg,AP16CR7764
images/HP5_crop.jpg,HP01N0304
images/KA17_crop.jpg,KA01MG1660
images/y (668)_crop.jpg,AP39CC3113
images/y (696)_crop.jpg,AP39CC3113
images/DN1_crop.jpg,DN09H2191
images/y (412)_crop.jpg,AP39RV3259
images/y (416)_crop.jpg,AP39RV3259
images/UP29_crop.jpg,UP14AF3804
images/CG9_crop.jpg,CG04HC4887
images/BR10_crop.jpg,BR32PA6558
images/C (163)_crop.jpg,MH0BB5992
images/ML19_crop.jpg,ML04C0056
images/y (465)_crop.jpg,AP39EZ0537
images/y (141)_crop.jpg,AP07CU7540
images/y (425)_crop.jpg,AP07CU7540
images/C (262)_crop.jpg,TS08ER1643
images/PY5_crop.jpg,PY01AW2814
images/y (731)_crop.jpg,AP27AS3849
images/y (149)_crop.jpg,AP07AU3458
images/DL10_crop.jpg,DL9CAE1359
images/TR2_crop.jpg,TR03H0259
images/AS13_crop.jpg,AS25S6856
images/y (483)_crop.jpg,AP39N5961
images/y (700)_crop.jpg,AP39N5961
images/y (706)_crop.jpg,AP39N5961
images/BR3_crop.jpg,BR01AZ6290
images/KA4_crop.jpg,KA38M8037
images/KA25_crop.jpg,KA38M8037
images/AP5_crop.jpg,AP39TP0211
images/NL7_crop.jpg,NL01T8152
images/y (28)_crop.jpg,AP16EY6379
images/C (50)_crop.jpg,30461C
images/C (92)_crop.jpg,30461C
images/y (223)_crop.jpg,AP29CJ3024
images/GA12_crop.jpg,GA03Y9512
images/y (492)_crop.jpg,AP07EB8116
images/y (742)_crop.jpg,AP39NQ2572
images/KL7_crop.jpg,KL41M93
images/AP40_crop.jpg,AP04BA4464
images/CH10_crop.jpg,CH01AB4559
images/UK5_crop.jpg,UK106679
images/C (149)_crop.jpg,MH01BB550
images/AP24_crop.jpg,AP07AD5555
images/C (361)_crop.jpg,DX103
images/GA9_crop.jpg,GA06E3855
images/UK6_crop.jpg,UK07DS5789
images/y (170)_crop.jpg,AP07CZ3581
images/AP46_crop.jpg,AP31CS2511
images/HP13_crop.jpg,HP34C8986
images/C (55)_crop.jpg,LTM378
images/y (65)_crop.jpg,AP07AU2455
images/y (114)_crop.jpg,AP40CJ1816
images/y (559)_crop.jpg,AP40CJ1816
images/GA11_crop.jpg,GA03P2839
images/y (753)_crop.jpg,AP07BY5365
images/JK19_crop.jpg,JK127959
images/MH24_crop.jpg,MH04HF5092
images/y (406)_crop.jpg,AP39BS0740
images/C (134)_crop.jpg,1268
images/KL11_crop.jpg,KL08BJ5001
images/C (253)_crop.jpg,DAN54P
images/C (22)_crop.jpg,1RQ
images/C (119)_crop.jpg,JA62UAR
images/PB22_crop.jpg,PB06AN6162
images/y (429)_crop.jpg,AP39MQ9868
images/MP3_crop.jpg,MP65C0654
images/y (752)_crop.jpg,AP27AY4525
images/MH14_crop.jpg,MH43X8997
images/HR10_crop.jpg,HR26BY4812
images/y (142)_crop.jpg,AP39FM5720
images/WB20_crop.jpg,WB171717
images/OD5_crop.jpg,OD14E3131
images/TS9_crop.jpg,TS21J8351
images/y (679)_crop.jpg,AP40CY0898
images/y (295)_crop.jpg,AP0941
images/WB1_crop.jpg,WB26T6688
images/y (175)_crop.jpg,AP36AF6546
images/y (478)_crop.jpg,AP36AF6546
images/PB14_crop.jpg,PB10EH0164
images/JH13_crop.jpg,JH01AM2354
images/y (797)_crop.jpg,AP39HX0140
images/TN2_crop.jpg,TN76V1978
images/y (790)_crop.jpg,AP07CE1162
images/JK35_crop.jpg,JK10A4638
images/y (479)_crop.jpg,AP07BY4308
images/y (566)_crop.jpg,AP07BY4308
images/JH19_crop.jpg,JH05Y9636
images/y (286)_crop.jpg,AP07BY8907
images/y (701)_crop.jpg,AP07BY8907
images/y (452)_crop.jpg,AP07DD8368
images/GJ29_crop.jpg,GJ01RM3413
images/DL12_crop.jpg,DL5CH7599
images/KL16_crop.jpg,KL43D4444
images/AP27_crop.jpg,AP31EF1155
images/y (215)_crop.jpg,AP39MZ3789
images/y (744)_crop.jpg,AP16CU6209
images/y (788)_crop.jpg,AP16CU6209
images/C (372)_crop.jpg,EZO
images/OD17_crop.jpg,OD14R7432
images/JK31_crop.jpg,JK03A8042
images/y (455)_crop.jpg,AP07AZ5506
images/y (242)_crop.jpg,AP39NR4325
images/y (851)_crop.jpg,AP39NR4325
images/y (673)_crop.jpg,AP39MD8773
images/y (689)_crop.jpg,AP39MD8773
images/CG1_crop.jpg,CG04HD6930
images/DL29_crop.jpg,DL8CAL4134
images/y (665)_crop.jpg,AP07BP3238
images/y (682)_crop.jpg,AP07BP3238
images/y (154)_crop.jpg,AP07BP3220
images/GJ2_crop.jpg,GJ15CB3980
images/AP17_crop.jpg,AP31TP2282
images/GJ12_crop.jpg,GJ06PA0097
images/OD20_crop.jpg,OD01Q4668
images/C (206)_crop.jpg,NOTACOP
images/AS11_crop.jpg,AS01DS7523
images/HP11_crop.jpg,HP12H7917
images/JK7_crop.jpg,JK11B4928
images/y (699)_crop.jpg,AP07AW0817
images/y (710)_crop.jpg,AP07AW0817
images/HP3_crop.jpg,HP666807
images/OD6_crop.jpg,OR08F1001
images/y (398)_crop.jpg,AP39S2904
images/y (435)_crop.jpg,AP39BZ8906
images/C (98)_crop.jpg,KA05MG1909
images/GJ6_crop.jpg,GJ06FK2977
images/C (259)_crop.jpg,KA01AC5957
images/C (93)_crop.jpg,AD00008
images/C (72)_crop.jpg,LN13GJ2
images/y (147)_crop.jpg,AP39KA6077
images/y (657)_crop.jpg,AP16EK0605
images/MP11_crop.jpg,MP07CB8897
images/WB2_crop.jpg,WB02M8447
images/MP8_crop.jpg,MP09CQ9712
images/y (195)_crop.jpg,AP39QJ2487
images/y (396)_crop.jpg,AP39QJ2487
images/BR4_crop.jpg,BR06U2470
images/HR18_crop.jpg,HR26DM2296
images/C (374)_crop.jpg,TN21BC6225
images/y (98)_crop.jpg,AP07DU6142
images/JK28_crop.jpg,JK10A5217
images/MH1_crop.jpg,MH06AB8620
images/UP12_crop.jpg,UP14CV7920
images/y (402)_crop.jpg,AP27BM4022
images/C (341)_crop.jpg,VX54FVL
images/JH8_crop.jpg,JH04C7104
images/y (424)_crop.jpg,AP07EK1233
images/C (112)_crop.jpg,MH20EE7598
images/JH3_crop.jpg,JH01DB1881
images/OD14_crop.jpg,OD02L4656
images/HR3_crop.jpg,HR29W8286
images/KA18_crop.jpg,KA04MX312
images/y (243)_crop.jpg,AP39CD1876
images/CH2_crop.jpg,CH01BL3528
images/y (151)_crop.jpg,AP07BJ0544
images/y (666)_crop.jpg,AP07BJ0544
images/ML27_crop.jpg,ML05K9494
images/C (64)_crop.jpg,BIGTEAM
images/JH16_crop.jpg,JH10S5378
images/C (47)_crop.jpg,MH14GN9239
images/TS2_crop.jpg,TS07EL3335
images/ML18_crop.jpg,ML10B4503
images/y (162)_crop.jpg,AP39DL9037
images/JK5_crop.jpg,JK05H3594
images/KL15_crop.jpg,KL43G6619
images/C (150)_crop.jpg,7VI6263
images/y (660)_crop.jpg,AP39CJ2612
images/y (697)_crop.jpg,AP07CA9067
images/WB8_crop.jpg,WB06J4432
images/AN10_crop.jpg,AN01K9412
images/TS12_crop.jpg,TS09UA7948
images/C (300)_crop.jpg,SDN7484U
images/PY16_crop.jpg,PY01BU2406
images/KA3_crop.jpg,KA06C9590
images/y (754)_crop.jpg,AP39FF3282
images/y (757)_crop.jpg,AP39FF3282
images/C (182)_crop.jpg,JH11HAD
images/ML37_crop.jpg,ML08E9223
images/HP10_crop.jpg,HP52B5958
images/y (751)_crop.jpg,AP27AK4167
images/y (801)_crop.jpg,AP27AK4167
images/y (43)_crop.jpg,AP27CH0426
images/y (520)_crop.jpg,AP27CH0426
images/y (456)_crop.jpg,AP27AN2389
images/y (5)_crop.jpg,AP39FU4134
images/AR7_crop.jpg,AR02A7116
images/y (427)_crop.jpg,AP07BP8315
images/C (84)_crop.jpg,AU001
images/C (187)_crop.jpg,26SPF4
images/y (400)_crop.jpg,AP39DG6738
images/CG16_crop.jpg,CG07R2654
images/y (135)_crop.jpg,AP16DA8035
images/y (516)_crop.jpg,AP16DA8035
images/y (222)_crop.jpg,AP39EX2535
images/DL11_crop.jpg,DL9CAP8884
images/KL10_crop.jpg,KL45C4411
images/C (393)_crop.jpg,DZVG49
images/BR11_crop.jpg,BR02AF7424
images/C (135)_crop.jpg,L19TLC
images/y (303)_crop.jpg,AP39KZ9628
images/y (713)_crop.jpg,AP39KZ9628
images/PB27_crop.jpg,PB65AN2583
images/y (25)_crop.jpg,AP07DS8572
images/OD3_crop.jpg,OD02V0007
images/y (507)_crop.jpg,AP39P0472
images/y (748)_crop.jpg,AP16BH7334
images/CH7_crop.jpg,CH01AL4920
images/y (171)_crop.jpg,PB08BN4655
images/y (642)_crop.jpg,PB08BN4655
images/y (740)_crop.jpg,AP07DP4409
images/y (775)_crop.jpg,AP07DP4409
images/y (779)_crop.jpg,AP07DP4409
images/WB25_crop.jpg,WB06H2237
images/C (405)_crop.jpg,BMW
images/CG10_crop.jpg,CG22H7740
images/AN1_crop.jpg,AN01P9687
images/ML8_crop.jpg,ML087084
images/HP1_crop.jpg,HP12H1324
images/CG7_crop.jpg,CG08K2057
images/ML30_crop.jpg,ML25C5388
images/y (838)_crop.jpg,AP07AU7932
images/y (209)_crop.jpg,AP39DE3165
images/y (244)_crop.jpg,AP39DE3165
images/HP16_crop.jpg,HP302165
images/y (264)_crop.jpg,AP27AF5298
images/TS10_crop.jpg,TS11EQ2914
images/WB17_crop.jpg,WB02AJ4534
images/C (424)_crop.jpg,P3RVP
images/y (407)_crop.jpg,AP39BV4740
images/y (415)_crop.jpg,AP39BV4740
images/y (730)_crop.jpg,AP27CE2143
images/HP4_crop.jpg,HP48B2252
images/CG15_crop.jpg,CG07BR3255
images/KA23_crop.jpg,KA51ML4025
images/y (693)_crop.jpg,TS08D6526
images/C (52)_crop.jpg,YESBOSS
images/PY1_crop.jpg,PY01Q7947
images/PB4_crop.jpg,PB07BL8058
images/y (646)_crop.jpg,AP16CU1601
images/RJ5_crop.jpg,RJ14CF5807
images/y (293)_crop.jpg,AP27AY8878
images/DN6_crop.jpg,DN09D1438
images/C (184)_crop.jpg,BRIT0001
images/MH21_crop.jpg,MH04DR8505
images/KL19_crop.jpg,KL43D4389
images/y (535)_crop.jpg,AP40AR0385
images/y (278)_crop.jpg,AP39FC7913
images/UP11_crop.jpg,UP53AK1161
images/C (323)_crop.jpg,700V
images/y (176)_crop.jpg,AP27AD4901
images/y (308)_crop.jpg,AP39TS5533
images/GJ8_crop.jpg,GJ16CH9827
images/PY12_crop.jpg,PY01AH9067
images/KL6_crop.jpg,KL46R3613
images/OD10_crop.jpg,OD05K6964
images/HR14_crop.jpg,HR51BU8218
images/y (672)_crop.jpg,AP40AL2005
images/y (683)_crop.jpg,AP40AL2005
images/DL22_crop.jpg,DL6CL0457
images/HR11_crop.jpg,HR01H4731
images/NL5_crop.jpg,NL07CA7631
images/y (266)_crop.jpg,AP39KQ9844
images/y (720)_crop.jpg,AP39KQ9844
images/y (633)_crop.jpg,KA13Z0474
images/y (638)_crop.jpg,KA13Z0474
images/y (21)_crop.jpg,AP39MC2122
images/y (32)_crop.jpg,AP39MC2122
images/MN4_crop.jpg,MN06LA0861
images/C (152)_crop.jpg,DL3C85092
images/y (712)_crop.jpg,AP07AU1487
images/y (432)_crop.jpg,AP39CR6683
images/AP26_crop.jpg,AP31BR9501
images/DL7_crop.jpg,DL12CK8643
images/y (261)_crop.jpg,AP39BC5530
images/GJ24_crop.jpg,GJ23CC8798
images/KL4_crop.jpg,KL27D9809
images/PB23_crop.jpg,PB02CC7299
images/DL28_crop.jpg,DL4GNA723
images/TS1_crop.jpg,TS08FQ1262
images/AS20_crop.jpg,AS01AT8119
images/y (253)_crop.jpg,AP03BQ2830
images/y (256)_crop.jpg,AP03BQ2830
images/DL4_crop.jpg,DL9CAV5573
images/y (438)_crop.jpg,AP31EK4521
images/C (179)_crop.jpg,52292Z
images/y (463)_crop.jpg,AP07CY9885
images/AP22_crop.jpg,AP16CH9545
images/y (630)_crop.jpg,AP39FK3169
images/C (255)_crop.jpg,GOT2POO
images/CG11_crop.jpg,CG04HA4555
images/DL27_crop.jpg,DL10CA0986
images/JK1_crop.jpg,JK02BF5058
images/C (192)_crop.jpg,KA03AB3380
images/C (242)_crop.jpg,3SAM123
images/JK11_crop.jpg,JK03D7750
images/y (514)_crop.jpg,AP16CS0533
images/GJ5_crop.jpg,GJ15CG7928
images/C (24)_crop.jpg,9214
images/y (749)_crop.jpg,AP27AF2883
images/C (357)_crop.jpg,BSMART2
images/y (265)_crop.jpg,AP7AB9257
images/y (829)_crop.jpg,AP7AB9257
images/y (268)_crop.jpg,AP07DL1976
images/y (832)_crop.jpg,AP07DL1976
images/HP7_crop.jpg,HP12C3766
images/DL8_crop.jpg,DL10CH1252
images/C (153)_crop.jpg,DL49AK49
images/AP23_crop.jpg,AP39DL3537
images/HP8_crop.jpg,HP7119898
images/C (151)_crop.jpg,DL8CX4850
images/C (117)_crop.jpg,MK3532
images/y (219)_crop.jpg,AP07BE4663
images/y (178)_crop.jpg,AP07AF1581
images/OD27_crop.jpg,OD25F7400
images/y (217)_crop.jpg,AP07CV2363
images/y (849)_crop.jpg,AP07CV2363
images/ML21_crop.jpg,ML05J3288
images/y (291)_crop.jpg,AP07CU8887
images/C (16)_crop.jpg,TN21BY0166
images/RJ6_crop.jpg,RJ23CB2272
images/y (248)_crop.jpg,AP40M3407
images/y (255)_crop.jpg,AP40M3407
images/y (800)_crop.jpg,AP40M3407
images/SK13_crop.jpg,SK05F0338
images/y (165)_crop.jpg,AP07CA2157
images/DL35_crop.jpg,DL3CBS5881
images/y (124)_crop.jpg,AP39FX4457
images/y (446)_crop.jpg,AP39FX4457
images/y (554)_crop.jpg,AP39FX4457
images/y (653)_crop.jpg,AP39FX4457
images/DN7_crop.jpg,DN09O9704
images/CG14_crop.jpg,CG09JA2359
images/AR1_crop.jpg,AR048395
images/y (652)_crop.jpg,AP27BY5377
images/y (789)_crop.jpg,AP39BS7080
images/y (806)_crop.jpg,AP39BS7080
images/C (86)_crop.jpg,VU63GTY
images/ML13_crop.jpg,ML05H1958
images/MN6_crop.jpg,MN01K5346
images/y (3)_crop.jpg,AP07CR7972
images/y (7)_crop.jpg,AP07CR7972
images/AP41_crop.jpg,AP5CG6320
images/ML2_crop.jpg,ML05Q8790
images/C (87)_crop.jpg,MH14DX9937
images/TN9_crop.jpg,TN19Q0835
images/y (317)_crop.jpg,AP39TS5511
images/y (721)_crop.jpg,AP39BC6530
images/y (37)_crop.jpg,AP39LE7473
images/ML22_crop.jpg,ML10B2811
images/HR4_crop.jpg,HR10AE9885
images/TS6_crop.jpg,TS18T3899
images/ML12_crop.jpg,ML05F9854
images/HR20_crop.jpg,HR26EJ7668
images/C (115)_crop.jpg,AP29BP585
images/C (346)_crop.jpg,OMGMOOV
images/PB19_crop.jpg,PB10CX0209
images/C (61)_crop.jpg,OS802HN
images/DL9_crop.jpg,DL2CH8634
images/AN5_crop.jpg,AN01L6155
images/AR4_crop.jpg,AR01C5723
images/y (667)_crop.jpg,AP39MY4610
images/y (695)_crop.jpg,AP39MY4610
images/y (193)_crop.jpg,AP7K2043
images/y (627)_crop.jpg,AP16BZ4978
images/C (2)_crop.jpg,PGMN112
images/AR12_crop.jpg,AR118724
images/C (317)_crop.jpg,MH02BB2
images/JK32_crop.jpg,JK13C4452
images/KA20_crop.jpg,KA19MF1763
images/WB11_crop.jpg,WB08A4101
images/PB15_crop.jpg,PB30L5010
images/TN5_crop.jpg,TN47T4464
images/C (196)_crop.jpg,CIAZ
images/DL20_crop.jpg,DL12CL2555
images/UK2_crop.jpg,UK06CB4595
images/C (212)_crop.jpg,F65022
images/OD9_crop.jpg,OD33L2616
images/C (388)_crop.jpg,HR26AZ5927
images/C (365)_crop.jpg,DL3C8D5092
images/C (101)_crop.jpg,WW95550
images/ML14_crop.jpg,ML10B9308
images/UP23_crop.jpg,UP78ED0449
images/C (23)_crop.jpg,HR26CM0821
images/y (501)_crop.jpg,AP39EG9096
images/C (351)_crop.jpg,B10612
images/C (65)_crop.jpg,TAXI
images/C (19)_crop.jpg,M666YOB
images/RJ2_crop.jpg,RJ14CM4115
images/CG4_crop.jpg,CG04HV7009
images/y (391)_crop.jpg,AP39BZ6906
images/RJ7_crop.jpg,RJ23CB4320
images/AP3_crop.jpg,AP2D4014
images/y (773)_crop.jpg,AP07DJ3608
images/y (279)_crop.jpg,AP07AY1487
images/OD16_crop.jpg,OR14U8730
images/CG8_crop.jpg,CG04H5060
images/TS4_crop.jpg,TS09EZ9296
images/MH26_crop.jpg,MH12HF5057
images/y (408)_crop.jpg,AP39LH6221
images/y (413)_crop.jpg,AP39LH6221
images/y (150)_crop.jpg,AP26AJ2198
images/C (397)_crop.jpg,REAP3R
images/GA4_crop.jpg,GA01C2098
images/C (303)_crop.jpg,KL01CC50
images/y (145)_crop.jpg,AP40BY5133
images/y (357)_crop.jpg,AP40BY5133
images/DL26_crop.jpg,DL11CA4900
images/y (319)_crop.jpg,AP39TN3351
images/y (321)_crop.jpg,AP39TN3351
images/y (322)_crop.jpg,AP39TN3351
images/y (97)_crop.jpg,AP40AR8817
images/KA21_crop.jpg,KA28M3589
images/y (213)_crop.jpg,AP39KG4744
images/y (216)_crop.jpg,AP39KG4744
images/MH20_crop.jpg,MH12KJ7659
images/AS24_crop.jpg,AS23G2612
images/C (13)_crop.jpg,MH12BG7237
images/ML24_crop.jpg,ML05G3550
images/PB1_crop.jpg,PB1BG7347
